<?xml version="1.0" encoding="UTF-8"?>
<project-private xmlns="http://www.netbeans.org/ns/project-private/1">
    <editor-bookmarks xmlns="http://www.netbeans.org/ns/editor-bookmarks/2" lastBookmarkId="0"/>
    <open-files xmlns="http://www.netbeans.org/ns/projectui-open-files/2">
        <group>
            <file>file:/C:/Users/Abhinav%20Verma/OneDrive/Documents/NetBeansProjects/WebApplication1/web/login.jsp</file>
            <file>file:/C:/Users/Abhinav%20Verma/OneDrive/Documents/NetBeansProjects/WebApplication1/web/signup.html</file>
            <file>file:/C:/Users/Abhinav%20Verma/OneDrive/Documents/NetBeansProjects/WebApplication1/web/search.jsp</file>
            <file>file:/C:/Users/Abhinav%20Verma/OneDrive/Documents/NetBeansProjects/WebApplication1/web/history.jsp</file>
            <file>file:/C:/Users/Abhinav%20Verma/OneDrive/Documents/NetBeansProjects/WebApplication1/src/java/database/DataBaseConnection.java</file>
            <file>file:/C:/Users/Abhinav%20Verma/OneDrive/Documents/NetBeansProjects/WebApplication1/web/menubar.jsp</file>
            <file>file:/C:/Users/Abhinav%20Verma/OneDrive/Documents/NetBeansProjects/WebApplication1/web/landing.jsp</file>
            <file>file:/C:/Users/Abhinav%20Verma/OneDrive/Documents/NetBeansProjects/WebApplication1/web/Home.jsp</file>
            <file>file:/C:/Users/Abhinav%20Verma/OneDrive/Documents/NetBeansProjects/WebApplication1/web/WEB-INF/newjsp.jsp</file>
            <file>file:/C:/Users/Abhinav%20Verma/OneDrive/Documents/NetBeansProjects/WebApplication1/web/bookslot.jsp</file>
            <file>file:/C:/Users/Abhinav%20Verma/OneDrive/Documents/NetBeansProjects/WebApplication1/src/java/contoller/SignUp.java</file>
            <file>file:/C:/Users/Abhinav%20Verma/OneDrive/Documents/NetBeansProjects/WebApplication1/web/profile.jsp</file>
            <file>file:/C:/Users/Abhinav%20Verma/OneDrive/Documents/NetBeansProjects/WebApplication1/web/index.html</file>
            <file>file:/C:/Users/Abhinav%20Verma/OneDrive/Documents/NetBeansProjects/WebApplication1/src/java/contoller/Login.java</file>
        </group>
    </open-files>
</project-private>
